{"epoch": 0, "time_epoch": 24.99445, "eta": 37466.6814, "eta_hours": 10.40741, "loss": 1.63132907, "lr": 0.0, "params": 553985, "time_iter": 0.07985, "mae": 1.63133, "r2": -0.05873, "spearmanr": 0.08521, "mse": 4.28087, "rmse": 2.06903}
