{"epoch": 0, "time_epoch": 29.5193, "eta": 50153.28662, "eta_hours": 13.93147, "loss": 1.57904528, "lr": 0.0, "params": 88897, "time_iter": 0.09431, "mae": 1.57905, "r2": -0.04613, "spearmanr": -0.14626, "mse": 4.22993, "rmse": 2.05668}
{"epoch": 1, "time_epoch": 8.93987, "eta": 32651.83076, "eta_hours": 9.06995, "loss": 1.1939612, "lr": 2e-05, "params": 88897, "time_iter": 0.02856, "mae": 1.19396, "r2": 0.25845, "spearmanr": 0.60311, "mse": 2.99838, "rmse": 1.73158}
{"epoch": 2, "time_epoch": 8.12282, "eta": 26349.87348, "eta_hours": 7.31941, "loss": 0.82234197, "lr": 4e-05, "params": 88897, "time_iter": 0.02595, "mae": 0.82234, "r2": 0.51991, "spearmanr": 0.81011, "mse": 1.94118, "rmse": 1.39326}
{"epoch": 3, "time_epoch": 7.86668, "eta": 23086.23028, "eta_hours": 6.41284, "loss": 0.70242745, "lr": 6e-05, "params": 88897, "time_iter": 0.02513, "mae": 0.70243, "r2": 0.59413, "spearmanr": 0.85298, "mse": 1.64109, "rmse": 1.28105}
{"epoch": 4, "time_epoch": 7.79064, "eta": 21099.12076, "eta_hours": 5.86087, "loss": 0.65263724, "lr": 8e-05, "params": 88897, "time_iter": 0.02489, "mae": 0.65264, "r2": 0.62012, "spearmanr": 0.86955, "mse": 1.53599, "rmse": 1.23935}
{"epoch": 5, "time_epoch": 8.47128, "eta": 19963.95264, "eta_hours": 5.54554, "loss": 0.61677953, "lr": 0.0001, "params": 88897, "time_iter": 0.02706, "mae": 0.61678, "r2": 0.64208, "spearmanr": 0.88108, "mse": 1.44723, "rmse": 1.20301}
{"epoch": 6, "time_epoch": 8.6152, "eta": 19185.50556, "eta_hours": 5.32931, "loss": 0.59752068, "lr": 0.00012, "params": 88897, "time_iter": 0.02752, "mae": 0.59752, "r2": 0.65033, "spearmanr": 0.88566, "mse": 1.41386, "rmse": 1.18906}
